{
    "cities": {
        "Атланта": {
            "region": "blue",
            "neighbors": [
                "Чикаго",
                "Вашингтон",
                "Майами"
            ]
        },
        "Чикаго": {
            "region": "blue",
            "neighbors": [
                "Монреаль",
                "Атланта",
                "Мехико",
                "Лос-Анджелес",
                "Сан-Франциско"
            ]
        },
        "Сан-Франциско": {
            "region": "blue",
            "neighbors": [
                "Лос-Анджелес",
                "Чикаго",
                "Манила",
                "Токио"
            ]
        },
        "Монреаль": {
            "region": "blue",
            "neighbors": [
                "Чикаго",
                "Вашингтон",
                "Нью-Йорк"
            ]
        },
        "Вашингтон": {
            "region": "blue",
            "neighbors": [
                "Нью-Йорк",
                "Монреаль",
                "Атланта",
                "Майами"
            ]
        },
        "Нью-Йорк": {
            "region": "blue",
            "neighbors": [
                "Монреаль",
                "Вашингтон",
                "Лондон",
                "Мадрид"
            ]
        },
        "Мадрид": {
            "region": "blue",
            "neighbors": [
                "Нью-Йорк",
                "Сан-Паулу",
                "Алжир",
                "Париж",
                "Лондон"
            ]
        },
        "Лондон": {
            "region": "blue",
            "neighbors": [
                "Нью-Йорк",
                "Мадрид",
                "Париж",
                "Эссен"
            ]
        },
        "Париж": {
            "region": "blue",
            "neighbors": [
                "Мадрид",
                "Лондон",
                "Эссен",
                "Алжир",
                "Милан"
            ]
        },
        "Эссен": {
            "region": "blue",
            "neighbors": [
                "Лондон",
                "Париж",
                "Милан",
                "Санкт-Петербург"
            ]
        },
        "Милан": {
            "region": "blue",
            "neighbors": [
                "Эссен",
                "Париж",
                "Стамбул"
            ]
        },
        "Санкт-Петербург": {
            "region": "blue",
            "neighbors": [
                "Эссен",
                "Стамбул",
                "Москва"
            ]
        },
        "Лос-Анджелес": {
            "region": "yellow",
            "neighbors": [
                "Сан-Франциско",
                "Чикаго",
                "Мехико",
                "Сидней"
            ]
        },
        "Мехико": {
            "region": "yellow",
            "neighbors": [
                "Лос-Анджелес",
                "Чикаго",
                "Майами",
                "Богота",
                "Лима"
            ]
        },
        "Майами": {
            "region": "yellow",
            "neighbors": [
                "Вашингтон",
                "Атланта",
                "Мехико",
                "Богота"
            ]
        },
        "Богота": {
            "region": "yellow",
            "neighbors": [
                "Майами",
                "Мехико",
                "Лима",
                "Буэнос-Айрес",
                "Сан-Паулу"
            ]
        },
        "Лима": {
            "region": "yellow",
            "neighbors": [
                "Мехико",
                "Богота",
                "Сантьяго"
            ]
        },
        "Сантьяго": {
            "region": "yellow",
            "neighbors": [
                "Лима"
            ]
        },
        "Буэнос-Айрес": {
            "region": "yellow",
            "neighbors": [
                "Богота",
                "Сан-Паулу"
            ]
        },
        "Сан-Паулу": {
            "region": "yellow",
            "neighbors": [
                "Богота",
                "Буэнос-Айрес",
                "Мадрид",
                "Лагос"
            ]
        },
        "Лагос": {
            "region": "yellow",
            "neighbors": [
                "Сан-Паулу",
                "Киншаса",
                "Хартум"
            ]
        },
        "Киншаса": {
            "region": "yellow",
            "neighbors": [
                "Лагос",
                "Хартум",
                "Йоханнесбург"
            ]
        },
        "Йоханнесбург": {
            "region": "yellow",
            "neighbors": [
                "Киншаса",
                "Хартум"
            ]
        },
        "Хартум": {
            "region": "yellow",
            "neighbors": [
                "Лагос",
                "Киншаса",
                "Йоханнесбург"
            ]
        },
        "Алжир": {
            "region": "black",
            "neighbors": [
                "Мадрид",
                "Париж",
                "Стамбул",
                "Каир"
            ]
        },
        "Стамбул": {
            "region": "black",
            "neighbors": [
                "Милан",
                "Алжир",
                "Каир",
                "Багдад",
                "Москва",
                "Санкт-Петербург"
            ]
        },
        "Москва": {
            "region": "black",
            "neighbors": [
                "Санкт-Петербург",
                "Стамбул",
                "Тегеран"
            ]
        },
        "Тегеран": {
            "region": "black",
            "neighbors": [
                "Москва",
                "Багдад",
                "Карачи",
                "Дели"
            ]
        },
        "Багдад": {
            "region": "black",
            "neighbors": [
                "Тегеран",
                "Стамбул",
                "Каир",
                "Эр-Рияд",
                "Карачи"
            ]
        },
        "Каир": {
            "region": "black",
            "neighbors": [
                "Алжир",
                "Стамбул",
                "Багдад",
                "Эр-Рияд",
                "Хартум"
            ]
        },
        "Эр-Рияд": {
            "region": "black",
            "neighbors": [
                "Каир",
                "Багдад",
                "Карачи"
            ]
        },
        "Карачи": {
            "region": "black",
            "neighbors": [
                "Эр-Рияд",
                "Багдад",
                "Тегеран",
                "Дели",
                "Мумбаи"
            ]
        },
        "Дели": {
            "region": "black",
            "neighbors": [
                "Тегеран",
                "Карачи",
                "Мумбаи",
                "Ченнаи",
                "Калькутта"
            ]
        },
        "Мумбаи": {
            "region": "black",
            "neighbors": [
                "Карачи",
                "Дели",
                "Ченнаи"
            ]
        },
        "Ченнаи": {
            "region": "black",
            "neighbors": [
                "Мумбаи",
                "Дели",
                "Калькутта",
                "Бангкок",
                "Джакарта"
            ]
        },
        "Калькутта": {
            "region": "black",
            "neighbors": [
                "Дели",
                "Ченнаи",
                "Бангкок",
                "Гонконг"
            ]
        },
        "Пекин": {
            "region": "red",
            "neighbors": [
                "Шанхай",
                "Сеул"
            ]
        },
        "Сеул": {
            "region": "red",
            "neighbors": [
                "Пекин",
                "Шанхай",
                "Токио"
            ]
        },
        "Шанхай": {
            "region": "red",
            "neighbors": [
                "Пекин",
                "Сеул",
                "Токио",
                "Тайбэй",
                "Гонконг"
            ]
        },
        "Токио": {
            "region": "red",
            "neighbors": [
                "Сеул",
                "Шанхай",
                "Сан-Франциско",
                "Осака"
            ]
        },
        "Осака": {
            "region": "red",
            "neighbors": [
                "Токио",
                "Тайбэй"
            ]
        },
        "Тайбэй": {
            "region": "red",
            "neighbors": [
                "Осака",
                "Шанхай",
                "Гонконг",
                "Манила"
            ]
        },
        "Гонконг": {
            "region": "red",
            "neighbors": [
                "Шанхай",
                "Тайбэй",
                "Манила",
                "Хошимин",
                "Бангкок",
                "Калькутта"
            ]
        },
        "Бангкок": {
            "region": "red",
            "neighbors": [
                "Ченнаи",
                "Калькутта",
                "Гонконг",
                "Хошимин",
                "Джакарта"
            ]
        },
        "Хошимин": {
            "region": "red",
            "neighbors": [
                "Гонконг",
                "Бангкок",
                "Джакарта",
                "Манила"
            ]
        },
        "Манила": {
            "region": "red",
            "neighbors": [
                "Тайбэй",
                "Гонконг",
                "Хошимин",
                "Сидней",
                "Сан-Франциско"
            ]
        },
        "Джакарта": {
            "region": "red",
            "neighbors": [
                "Ченнаи",
                "Бангкок",
                "Хошимин",
                "Сидней"
            ]
        },
        "Сидней": {
            "region": "red",
            "neighbors": [
                "Манила",
                "Джакарта",
                "Лос-Анджелес"
            ]
        }
    }
}